{
  "tau": 0.06902910023927689,
  "alpha": 0.9996715784072876,
  "makeup_model.gain": 0.0,
  "makeup_model.bias": 0.0
}