{
  "model.HCNet.0.weight": [
    [
      -0.06822919845581055
    ],
    [
      0.31804800033569336
    ],
    [
      0.23335003852844238
    ],
    [
      -0.23790395259857178
    ],
    [
      -0.4388207197189331
    ],
    [
      0.5874890089035034
    ],
    [
      0.25555551052093506
    ],
    [
      -0.6850382089614868
    ],
    [
      -0.7004886865615845
    ],
    [
      0.14626407623291016
    ],
    [
      -0.2488846778869629
    ],
    [
      -0.23992478847503662
    ],
    [
      0.9906934499740601
    ],
    [
      -0.913204550743103
    ],
    [
      0.05515933036804199
    ],
    [
      0.11298871040344238
    ],
    [
      0.2798076868057251
    ],
    [
      -0.12159848213195801
    ],
    [
      -0.03200173377990723
    ],
    [
      0.6282449960708618
    ]
  ],
  "model.HCNet.0.bias": [
    0.199021577835083,
    -0.18711936473846436,
    -0.9566994905471802,
    -0.7251657247543335,
    -0.6943105459213257,
    -0.255867600440979,
    0.5192879438400269,
    -0.8382779359817505,
    -0.5108813047409058,
    0.6438663005828857,
    -0.2194446325302124,
    -0.9620571136474609,
    0.6678853034973145,
    -0.7660675048828125,
    0.24630486965179443,
    -0.41815245151519775,
    -0.12631714344024658,
    -0.08400619029998779,
    -0.6762475967407227,
    0.3335576057434082
  ],
  "model.HCNet.2.weight": [
    [
      0.16293534636497498,
      -0.08236666023731232,
      -0.015978757292032242,
      -0.09252065420150757,
      0.17182651162147522,
      0.10768003016710281,
      0.1678619086742401,
      0.009415141306817532,
      -0.16090667247772217,
      -0.06257759034633636,
      -0.011193363927304745,
      0.1309136003255844,
      -0.07765492051839828,
      -0.1661548912525177,
      0.0022228178568184376,
      0.04286317899823189,
      0.048295166343450546,
      0.01019221730530262,
      -0.006531734485179186,
      -0.008167187683284283
    ],
    [
      -0.06833808869123459,
      -0.01088548731058836,
      -0.0721520259976387,
      -0.14777570962905884,
      0.128697469830513,
      0.19015222787857056,
      -0.004552472848445177,
      0.004197014961391687,
      0.13030333817005157,
      -0.20073837041854858,
      -0.032665152102708817,
      0.19428616762161255,
      -0.08479773998260498,
      -0.17293238639831543,
      -0.18718917667865753,
      -0.07634115219116211,
      -0.21589763462543488,
      0.003904598532244563,
      0.18321414291858673,
      -0.0035453822929412127
    ],
    [
      0.054219409823417664,
      0.061151064932346344,
      -0.1327589899301529,
      -0.058394916355609894,
      0.1930132657289505,
      0.19575929641723633,
      -0.21916593611240387,
      0.028625406324863434,
      -0.14453209936618805,
      0.011817380785942078,
      -0.19132037460803986,
      -0.015073652379214764,
      0.023546824231743813,
      -0.11137700825929642,
      0.2108680009841919,
      -0.148750439286232,
      0.028562339022755623,
      0.04099520668387413,
      0.1936403214931488,
      0.12396698445081711
    ],
    [
      0.06374303996562958,
      -0.10851582884788513,
      0.08820747584104538,
      -0.0007836865843273699,
      0.15240374207496643,
      -0.051017146557569504,
      -0.141381174325943,
      -0.1878933161497116,
      -0.11918292939662933,
      0.2225339412689209,
      0.18477533757686615,
      0.17390818893909454,
      0.0740513727068901,
      -0.1829824298620224,
      0.06166398152709007,
      -0.0716516375541687,
      -0.07632409036159515,
      0.038103535771369934,
      0.08389498293399811,
      -0.03834117576479912
    ],
    [
      0.2025909572839737,
      -0.20187509059906006,
      -0.18785908818244934,
      0.13992202281951904,
      0.04457462951540947,
      0.09129997342824936,
      0.15257032215595245,
      -0.047532059252262115,
      0.21811147034168243,
      -0.13228856027126312,
      -0.10545084625482559,
      0.18501423299312592,
      0.12570463120937347,
      -0.16338090598583221,
      0.12076690793037415,
      0.06122308969497681,
      -0.16798922419548035,
      -0.05456119403243065,
      0.13434574007987976,
      -0.006235453300178051
    ],
    [
      -0.030090207234025,
      0.09941770881414413,
      0.0533125214278698,
      0.14731092751026154,
      -0.1615525484085083,
      0.007983393967151642,
      0.11975093930959702,
      -0.05769892781972885,
      -0.1701950877904892,
      -0.038975827395915985,
      -0.11441715061664581,
      0.051116038113832474,
      0.10303554683923721,
      -0.019727658480405807,
      0.22233223915100098,
      0.1534252017736435,
      0.0063681467436254025,
      0.12407176941633224,
      0.06601256132125854,
      0.03248228877782822
    ],
    [
      0.018696816638112068,
      0.004265947267413139,
      0.1266508400440216,
      0.21333615481853485,
      0.024295644834637642,
      0.19374074041843414,
      -0.17140460014343262,
      -0.09055693447589874,
      -0.13509352505207062,
      0.10285654664039612,
      0.017393125221133232,
      -0.03960011154413223,
      -0.10796216130256653,
      0.008206771686673164,
      0.1801760494709015,
      0.1323716789484024,
      -0.05870242044329643,
      -0.0914573222398758,
      -0.13610035181045532,
      0.04902639612555504
    ],
    [
      0.15646633505821228,
      -0.1103152483701706,
      0.0716511607170105,
      0.1629747748374939,
      -0.0893421396613121,
      -0.04973725602030754,
      -0.11460606008768082,
      -0.08239902555942535,
      0.030914250761270523,
      -0.03796127438545227,
      0.2022867649793625,
      0.028978625312447548,
      -0.03600408136844635,
      0.159558966755867,
      0.05002351477742195,
      -0.08597546070814133,
      0.09581435471773148,
      0.19139471650123596,
      -0.12646417319774628,
      -0.052618131041526794
    ],
    [
      -0.20530645549297333,
      0.00231837946921587,
      -0.04421884939074516,
      0.10793206840753555,
      -0.15421614050865173,
      -0.15843082964420319,
      0.11878980696201324,
      0.1365775465965271,
      0.09417498111724854,
      -0.21171605587005615,
      -0.15511396527290344,
      0.1886179894208908,
      0.15698035061359406,
      -0.12757733464241028,
      -0.1779630184173584,
      -0.03141714259982109,
      0.06939182430505753,
      0.032537441700696945,
      0.19540534913539886,
      -0.03942074254155159
    ],
    [
      -0.2190597802400589,
      -0.1374332755804062,
      0.16021427512168884,
      0.13349589705467224,
      -0.14845994114875793,
      0.08416929841041565,
      -0.209045872092247,
      -0.09424695372581482,
      0.06531979888677597,
      -0.13425666093826294,
      -0.02672158181667328,
      0.21888521313667297,
      0.1601419299840927,
      0.04109854996204376,
      0.016121046617627144,
      0.200184166431427,
      0.19281822443008423,
      0.06616370379924774,
      -0.12707510590553284,
      -0.07030796259641647
    ],
    [
      0.08651628345251083,
      0.019891805946826935,
      0.21783529222011566,
      0.14988717436790466,
      -0.10513027757406235,
      -0.11517157405614853,
      0.21080508828163147,
      -0.1972406506538391,
      0.21358893811702728,
      -0.162944495677948,
      -0.04938571900129318,
      -0.19466663897037506,
      0.14538975059986115,
      -0.13720521330833435,
      0.08430913835763931,
      0.21633292734622955,
      -0.20389287173748016,
      0.15089835226535797,
      -0.0785461887717247,
      0.00864118430763483
    ],
    [
      0.17610637843608856,
      0.10102645307779312,
      0.11991593986749649,
      -0.1734696924686432,
      -0.004245262127369642,
      -0.1302737444639206,
      0.007260083220899105,
      -0.15613174438476562,
      0.03845861926674843,
      -0.06188317388296127,
      -0.038107987493276596,
      0.1265268176794052,
      0.1556462049484253,
      0.21818895637989044,
      0.10161782056093216,
      -0.05788847804069519,
